Barcode,Cluster
AAACAGGGTCTATATT-1,1
AAACCCGAACGAAATC-1,2
AAACCGGGTAGGTACC-1,1
AAACCGTTCGTCCAGG-1,6
AAACTTGCAAACGTAT-1,1
AAAGGCTCTCGCGCCG-1,1
AAAGTAGCATTGCTCA-1,2
AAATGGCATGTCTTGT-1,4
AAATGGCCCGTGCCCT-1,2
AAATTTGCGGGTGTGG-1,3
AACACGAGACGCGGCC-1,1
AACAGGAAATCGAATA-1,4
AACAGGTAGTATGGAT-1,4
AACCCATCCCATGATC-1,3
AACCGCTAAGGGATGC-1,3
AACGGACGTACGTATA-1,4
AACGGCCATCTCCGGT-1,1
AACTACCCGTTTGTCA-1,2
AACTCTCAGTGTGCTC-1,6
AACTGATATTAGGCCT-1,4
AACTGGTGTGGGCCTT-1,5
AAGACCCAACTGAACA-1,2
AAGAGGATGTACGCGA-1,1
AAGCCGAAGCGGTTTA-1,3
AAGGATCGATCGCTTG-1,1
AAGGCAGGCTGTCTCC-1,2
AAGTGACGACCGAATT-1,1
AAGTGCCTTGACTGTA-1,1
AAGTGCGTTAGAATCT-1,1
AAGTGTTTGGAGACGG-1,3
AAGTTCGGCCAACAGG-1,1
AATAACACTAGAACAA-1,5
AATAGAATCTGTTTCA-1,3
AATAGTCCGTCCCGAC-1,1
AATATCAAGGTCGGAT-1,5
AATATCGAATCAATGC-1,3
AATCGCGCAGAGGACT-1,2
AATCTAGGTTTACTTG-1,5
AATCTGGCTTTCTAGT-1,5
AATGACAGCAATGTCT-1,1
AATGTGCCCGAGGTGT-1,6
ACAAATGGTAGTGTTT-1,3
ACAATAGTCGTACGTT-1,1
ACAATTTGGCCATATT-1,3
ACACACCAGGACCAGT-1,3
ACACACTTTCTACACG-1,4
ACACCTTACTACTTGC-1,1
ACAGAACTGAGAACAA-1,6
ACAGGCTTGCCCGACT-1,3
ACAGGTGGAGGTGAGG-1,1
ACAGTAATACAACTTG-1,1
ACATCCCGGCCATACG-1,1
ACATCCTGGTAACTGT-1,1
ACATCGGTCAGCCGCG-1,1
ACATGGCGCCAAAGTA-1,1
ACCAACGCTTATTTAT-1,1
ACCACCAATGTAACAA-1,1
ACCAGTGCGGGAGACG-1,3
ACCATCCGCCAACTAG-1,1
ACCATCGTATATGGTA-1,1
ACCCGTGTCATCAGTA-1,1
ACCCTTCATCTGCGAA-1,4
ACCGCGGTGGAAGTCG-1,1
ACCTAAGTACCTTTCA-1,1
ACCTACAGTATGTGGT-1,1
ACCTGCGTGTCATGTT-1,1
ACGAGGATACCACTCT-1,6
ACGAGGTTTACAACGT-1,4
ACGCGCTACACAGGGT-1,1
ACGGCCAACATGGACT-1,1
ACGGGAGTGTCGGCCC-1,1
ACGTGCGCCTCGTGCA-1,4
ACGTTTAGTTGTGATC-1,4
ACTACGCGTTAGAATT-1,2
ACTATCCAGGGCATGG-1,1
ACTCAGACCTGCTTCT-1,5
ACTCCCATTCCTAAAG-1,2
ACTCGTAACCCGTCCT-1,3
ACTGCTCGGAAGGATG-1,3
ACTTATTTATGTGCCA-1,3
ACTTCAGGCTGATCCC-1,2
AGAAGGTACACTTCAC-1,2
AGAAGGTTGCCGAATT-1,1
AGAAGTGATTCGTGAT-1,1
AGACATAGATCCTTCC-1,5
AGACCAAACCACACCT-1,2
AGACCGGGAAACCCTG-1,1
AGACGACGATGCCGCT-1,2
AGAGATCTCTAAAGCG-1,1
AGAGCGGGCTAATCAT-1,5
AGAGTAAACTTCACTA-1,2
AGATACCGGTGTTCAC-1,1
AGATGCAAGACGTGCA-1,3
AGATTCACAACCGATA-1,6
AGCAACCGAAAGTAAT-1,6
AGCAGCCAGATGAATA-1,1
AGCATCATTTCGAAAG-1,6
AGCCAAGCTTTGTGTC-1,3
AGCCCATACATGTAAG-1,1
AGCCCTAAGCGAAGTT-1,5
AGCCGTGGCTAAATGT-1,3
AGCCTAATACCCACGT-1,2
AGCGACAGGAACGGTC-1,1
AGCGACATCCCATTCA-1,5
AGCGCATAATGAATCG-1,2
AGCGGCGGTTAGCGGT-1,2
AGCGTCTGAACCCGCA-1,5
AGCTCCTTCGCACATC-1,3
AGCTCTTCGTAACCTT-1,1
AGCTGTAACCTCAATC-1,6
AGCTTATAGAGACCTG-1,5
AGCTTGATCTTAACTT-1,1
AGGATCACGCGATCTG-1,2
AGGCCCTAGAACGCCA-1,1
AGGCTTCCCGAAGAAG-1,6
AGGGACAGCACGGCGG-1,5
AGGGACTCTACGCGAC-1,1
AGGGCGAGCAGCTGAT-1,1
AGGTCAGGTGAGAGTG-1,1
AGGTTACACCATGCCG-1,2
AGTAATGTCTTGCCGC-1,4
AGTAGGTAACATACAT-1,5
AGTATTTGGCACGACC-1,1
AGTCAAGATGACACTT-1,3
AGTCCATTGGCTGATG-1,1
AGTCGGCTCAACTTTA-1,1
AGTCGGTTGCGTGAGA-1,1
AGTCGTGGGCATTACG-1,2
AGTGAACAAACTTCTC-1,1
AGTGCGTAGCTCGTAA-1,1
AGTTAAGTCAACCGCT-1,2
AGTTGACGGTCCTTGC-1,4
AGTTTGGCACGGGTTG-1,1
AGTTTGGCCAGACCTA-1,1
ATAAATATTAGCAGCT-1,2
ATAATTAGCTAAGTAG-1,4
ATACGGAACGTCGTTT-1,6
ATACGTCCACTCCTGT-1,3
ATAGGCGGCTATAGAA-1,1
ATATCGGTAGGGAGAT-1,1
ATATTCAGTTAAACCT-1,1
ATCAAACACTGTTCCA-1,2
ATCAAACGAAGGTTTG-1,1
ATCACGTGCTAATTAA-1,1
ATCAGACGGCACGCCG-1,1
ATCAGCTCGTCCACTA-1,2
ATCCAATGGAGGGTCC-1,1
ATCCAGAGCAACAACC-1,1
ATCCTGAATCGCTGCG-1,1
ATCCTGCTGCAGATAG-1,5
ATCGCCAGTCAACATT-1,1
ATCTGTAATTGTACCC-1,4
ATGACGCCGGCTCTAA-1,4
ATGACGCGTTCTATCC-1,2
ATGACTATGCGACATT-1,3
ATGAGGGCAGCGGCTA-1,2
ATGCGAGTCCCACCAC-1,1
ATGGAAATTTAAGGAG-1,4
ATGGGCCTCGGCCTCT-1,3
ATGTGAAAGCCTAATG-1,1
ATTAATTCGGTCACTC-1,4
ATTACGCGCTGGCAGG-1,1
ATTCGTGCTATCTCTT-1,2
ATTGATCACCACATTT-1,6
ATTTAACTCGTATTAC-1,5
CAAACTATTGAGCTTC-1,4
CAAACTCGCGACGCCG-1,1
CAAAGATTATTGGGCC-1,6
CAAATCTCTCACAAGG-1,1
CAAATTGTCAGCAAGC-1,4
CAACTGCTCATCCGAT-1,3
CAACTTGTAGTGGGCA-1,5
CAAGATATTATAACGT-1,3
CAATACGAGAGTCTGA-1,3
CAATATTCTTGACCTA-1,6
CAATGTGCCAACCCTT-1,1
CACACAGCTTGCGCTC-1,3
CACAGGGCCGTTGTCA-1,1
CACATTTCTTGTCAGA-1,2
CACCAATCATCCGTCT-1,4
CACCCGGTTTGTGACT-1,5
CACCCTTGGTGAGACC-1,3
CACCCTTTCCTCGCTC-1,5
CACCGTTAGGGATCAC-1,3
CACCGTTGCGCGATAT-1,3
CACCTTGGCGCCTTTG-1,1
CACGTCGGCAACCTCT-1,2
CAGAACTTAGCCCTCT-1,3
CAGACACCGATCGCTG-1,1
CAGACGAACCTGATAC-1,1
CAGAGACGGTCACCCA-1,1
CAGATCCTGGTTTGAA-1,6
CAGCGATTCCCTTCAA-1,6
CAGCTGGCGTAACCGT-1,3
CAGGCGCACGGTGGTC-1,6
CAGTACCAGTTTACGT-1,2
CAGTGTCGGCTGGCCC-1,4
CATAAGCTCTCCGTCT-1,2
CATAATGAGCGGGCGA-1,5
CATACACGGTTCCCAC-1,3
CATACTTAGGCAATAC-1,1
CATAGCGTTGCCCACC-1,6
CATAGTCCACAAGAAC-1,1
CATATGTCAGGCTACG-1,2
CATCTAGTGAAGGGAA-1,4
CATGACTTCGCTGAAT-1,1
CATGATGGAAGTTAGC-1,1
CATGCCAACTCGCAAA-1,1
CATGCGTTAGACAGAA-1,4
CATGGCAGGAAGATCG-1,4
CATGTCTCATTTATGG-1,3
CCAAAGTCCCGCTAAC-1,5
CCAAGAAAGTGGGCGA-1,1
CCAAGGAACAGAGAGG-1,5
CCACAGTACCCATCCT-1,3
CCACATGGCTCTTTAT-1,4
CCACCAACTTTACTGT-1,2
CCACGAATTTAACCTC-1,1
CCACGGAGCCATAAGA-1,1
CCAGAAAGCAACTCAT-1,1
CCAGTCTTGTCATAGA-1,1
CCATCTTGTTCACAAT-1,5
CCCAACATACGTCGCG-1,1
CCCAATTTCACAACTT-1,2
CCCAGTAAACTTGGGA-1,5
CCCGAAGTTTCGCGAA-1,1
CCCGAGTTTCTCCGTA-1,2
CCCGGGTCGTTCAGGG-1,4
CCCGGTGTATCGGAAT-1,6
CCCGTAAGTCTAGGCC-1,2
CCCGTGAGGGCGGTGA-1,4
CCCTGCCCAATCCGCT-1,1
CCCTTTGACAGGTCTT-1,1
CCGAACACTGGGCCTC-1,1
CCGACGGGCATGAGGT-1,6
CCGAGAAGTCGCATAA-1,1
CCGCCGGAACTTCTCG-1,4
CCGCCGTTGAGGATAA-1,4
CCGCGGAATGCGTCAC-1,6
CCGCTTACCTCACTCT-1,1
CCGGAGCGTACTTTCT-1,3
CCGGCGTGAGACTCTG-1,1
CCGGGTTCGAGGTTAC-1,1
CCGGTAATGGCTAGTC-1,1
CCGTATCTCGTCGTAG-1,6
CCGTGTTAAATTCCAT-1,1
CCGTTCCGAATCTCGG-1,1
CCTAACCCAAACAAGT-1,3
CCTACATTCACAGACG-1,3
CCTAGGTAAAGGTAGC-1,2
CCTAGTTAGTCGCATG-1,4
CCTATACCGTCCTGTC-1,4
CCTCAACGATCGCTGT-1,4
CCTCGCGCTGTGCGAT-1,1
CCTCTATCGATTAGCA-1,6
CCTGGAAACGTTCTGC-1,1
CCTGTACTCACGCCCA-1,1
CCTTCTCAGCGTTCCT-1,1
CGAAACGCAATTCATG-1,1
CGAACAGTATGGGCGT-1,3
CGAACGCCCAGTGCCG-1,4
CGAACGGCCGGACAAC-1,1
CGACACGCTCCGACAG-1,3
CGACCCTTAACGCCGG-1,1
CGACGCATCCGTACCT-1,2
CGAGATTTCGCTCGGG-1,2
CGAGGGTATCCAGGTG-1,3
CGAGTACTAAAGAGGA-1,1
CGAGTGAAGGTACCAG-1,6
CGATAATACTCAGGTT-1,2
CGATCTGTTGGAGGAC-1,1
CGCCACAGGTCGCGAT-1,3
CGCCTGGCCTACGTAA-1,1
CGCCTTTAGCATGCTC-1,2
CGCGAGTCTGCCGGGT-1,6
CGCGCAAATGTCCAGA-1,6
CGCGCATGTTTGATTG-1,1
CGCTAGAGACCGCTGC-1,1
CGCTGAGGACGTCCAA-1,5
CGCTTATTCCCGGTCG-1,1
CGCTTTCATACCGGTG-1,5
CGGCCCAGGTATATCC-1,1
CGGCTCTAAAGCTGCA-1,1
CGGGAATATAGTATAC-1,1
CGGGAGCTTCAGTGTA-1,4
CGGTACGGCAAACCCA-1,4
CGGTGCAGATAGAACG-1,1
CGGTGCGCGTTGGTCC-1,1
CGGTTGACCTGGCATA-1,1
CGTAGCGAATTGTCAG-1,4
CGTCACGTCCATTGGT-1,1
CGTCGGGTCTAAGCGC-1,6
CGTCTGGAAGGGCCCG-1,5
CGTGCATTGTCGACGC-1,1
CGTTCATGGTGCGCGT-1,2
CGTTTGTGTAGAGGGT-1,4
CTAAACGGGTGTAATC-1,5
CTAACTGGTCCGGTTC-1,2
CTACACTAGCTTGTTC-1,5
CTACTATCATAGGTTT-1,6
CTAGGCGCCCTATCAG-1,4
CTATGCCCGAATGCAA-1,2
CTATGTGAGTCACGGC-1,1
CTCACTTGGCTGGTAA-1,1
CTCAGATTGTGATAAG-1,4
CTCATGGCTCACAATC-1,4
CTCATGGTAATTTGCG-1,2
CTCCCTCCTTTCGATC-1,6
CTCCGCCCACATGAGG-1,1
CTCGGTTGTCGGCCCT-1,6
CTCTACACTGGCGATT-1,1
CTCTCTAACTGCCTAG-1,3
CTCTTGTCCCGCTTGG-1,1
CTGAATCCGAGACCTC-1,4
CTGCACCTGGAACCGC-1,5
CTGCTGAGGCCACGAA-1,1
CTGGAAGACACGGTGG-1,3
CTGGACGCAGTCCGGC-1,2
CTGGATTTACACTTGA-1,1
CTGGCATCCGAATGAG-1,1
CTGGCTGGTTGTCAGT-1,1
CTGGGATACGCTACCC-1,2
CTGGGCCTGCTATATC-1,1
CTGGGTTGAGTTAAAG-1,3
CTGGTTCAACGCATCA-1,5
CTGGTTTCGAGCAAGA-1,3
CTTACACTGGGAAATA-1,5
CTTCAGTGGTCGCCTA-1,6
CTTCTATGTTGAAGTA-1,1
CTTCTTACGTCGTATA-1,4
CTTGCAACCGCCTCCT-1,1
CTTGGCCAAGCTGGGA-1,1
CTTTACCGAATAGTAG-1,3
CTTTGACGTCGCTTCT-1,4
GAAACAGCCATGCAGT-1,4
GAAAGCAGTGCACTTT-1,1
GAAATTCACATCGCTG-1,5
GAACGCGGGTCACACG-1,3
GAAGCTCGGACCCGTC-1,6
GAAGTCAGTTGCACTA-1,1
GAAGTGCTGGATAGCT-1,4
GAATAGCATTTAGGGT-1,4
GACAAACATATGCAGG-1,1
GACATCGATTTATAAC-1,1
GACCCAATTATGATAC-1,6
GACCGACGTGAAAGCA-1,1
GACGCCGTAAAGGCTA-1,1
GACTACAAAGCGGTGG-1,3
GACTCACCCACGTGAG-1,1
GAGACTTCGCGACCGA-1,1
GAGAGGTGCATTCTGG-1,3
GAGCACGGCGCCTCTT-1,3
GAGCCAGCTACCTGTG-1,4
GAGCGAGGGAGTACCG-1,4
GAGCGCGCACGAGTAG-1,3
GAGGATAAACAGTGCT-1,1
GAGGCCCGACTCCGCA-1,6
GAGGTACATCCATCTT-1,4
GAGTAAGGCCACGGGA-1,1
GAGTGTGCGGTACCCA-1,3
GAGTTGATGGCAATTT-1,6
GATCCTCGACACTGGC-1,1
GATCGGATAGAACCAT-1,1
GATCTAACCGTATTCA-1,4
GATGTAACGAACCACC-1,6
GATGTCCGGATCACAT-1,5
GATGTTCAATCCACGA-1,2
GATTACTGAATTTGGG-1,1
GCAACACACTAGAACT-1,1
GCAACAGCAGTATGCG-1,1
GCAACCACGGCCGCGT-1,1
GCAACGGCTAGTTATG-1,2
GCAAGAATTCCTTGGC-1,1
GCAAGCTGGAAACCGC-1,4
GCACAAACGAGGCGTG-1,2
GCAGACCCAGCACGTA-1,1
GCAGATCCATAAGACT-1,3
GCAGGAACTTAGATCT-1,6
GCATCGGCCGTGTAGG-1,1
GCATTGTAATTCATAT-1,1
GCCAAGAATACTTCTG-1,3
GCCACAATTTAAGGAC-1,1
GCCATTAGCCTCAAAC-1,4
GCCCGACTTCTTCCCG-1,2
GCCCTAGCCGTCGCGA-1,6
GCCGCACTCCGTTTCA-1,2
GCCGTGGAAGAAATGT-1,1
GCGACGATAGTTGTAC-1,3
GCGAGCGCATGCTCCC-1,1
GCGCAAATATATTCAA-1,3
GCGCCTCCCACTCCGA-1,2
GCGGACCGCGTTGTGG-1,6
GCGGGCGAGCCTTACC-1,1
GCGTCCAGCTCGTGGC-1,5
GCGTCGAAATGTCGGT-1,4
GCTACTATAGTAGAGT-1,4
GCTAGACCGTCTACTG-1,1
GCTAGCTTGAATAGCT-1,6
GCTATACGTCTCGGAC-1,4
GCTATGCCAGCTTATG-1,4
GCTCAATGTAATACCG-1,2
GCTCCCAGTCGGTCCA-1,2
GCTCCGCTCGCTTCAG-1,2
GCTGCTAAGTAGTCGA-1,3
GCTGTATTACTGGCCC-1,1
GGACACAAGTTTACAC-1,1
GGAGACCATCTACATA-1,3
GGAGGCCGAAGTCGTC-1,2
GGATACTCATGAATTG-1,5
GGATCAGAGCCATCAG-1,4
GGATCTTGACTCAACC-1,5
GGCCACAAGCGATGGC-1,5
GGCGAGCGAAACGGCA-1,3
GGCTTTCAATAAGGGT-1,1
GGGACAGAGTTACTCC-1,4
GGGACCCGTATATCTT-1,1
GGGAGTAATGGCTGGC-1,5
GGGCAACCGCACGTGC-1,6
GGGCAGAGCAATCGTT-1,1
GGGCGGGTTCCCTACG-1,3
GGGCGTCACCACGTAA-1,1
GGGCTATGATCGATGG-1,1
GGGTATTCTAGCAAAC-1,3
GGGTCAGGAGCTAGAT-1,4
GGGTTAACATTTGAGT-1,1
GGGTTTAGGATAGGAT-1,2
GGTAACCGGGAGGATA-1,6
GGTAGACCGTTGGGCG-1,1
GGTCACGTTAGATTCA-1,5
GGTCGGTCGTCCACAG-1,1
GGTCGTAAGCTCGCAC-1,2
GGTCTCTGAATGGACT-1,1
GGTCTTGAGCGCTCTT-1,4
GGTGAAACCGGGAATG-1,5
GGTGAAGTACAGGGAT-1,1
GGTGATTTCATCTTGT-1,5
GGTGGAGGTTGATACG-1,3
GGTTACCACCCTCGGG-1,1
GGTTAGCTATATGTCT-1,3
GGTTCTACTCGTCTGA-1,1
GGTTTAGCCTTTCTTG-1,1
GTAACTTGCGGCAGTC-1,5
GTAAGTCCACACTCTA-1,2
GTAGAGGGAGACAAGT-1,3
GTAGCGCTGTTGTAGT-1,5
GTATGAAATTTCACTC-1,6
GTCAAAGAAGTGGTGT-1,4
GTCAATTGTACTGAAG-1,5
GTCCATTACTGCTACG-1,2
GTCCGGACCTGAAATT-1,4
GTCTATTGGTTCCGGT-1,4
GTCTTGAGGAGCAGTG-1,1
GTCTTGTAGCTATTCA-1,2
GTGAGTGGTACAACGC-1,1
GTGCAACAAATGTGGC-1,4
GTGCCATCACACGGTG-1,1
GTGCCGCTTCAAAGGT-1,1
GTGCGAAATCGAACAC-1,1
GTGCGGGACCATCGGC-1,5
GTGCTTACATCAGCGC-1,3
GTGGACCAACCCGATT-1,1
GTGGAGTCGGCGGTTG-1,1
GTGGCAAACAGCGGCA-1,3
GTGGCGGTCCCAGCGT-1,1
GTGGGAAGACTGAATC-1,1
GTGGTTTCCGCCTTTC-1,1
GTGTATGACTTTAAAG-1,5
GTTAACTATGTTGTCA-1,2
GTTACGGCCCGACTGC-1,5
GTTAGGCTACCCGTTT-1,6
GTTATATTATCTCCCT-1,4
GTTCGGATCGGGAACA-1,2
GTTCGTCTAAAGAACT-1,4
GTTCTTCCCTCGATGT-1,5
GTTGAACCGGTTCCAT-1,1
GTTGTCGTGTTAGTTG-1,5
GTTTCATATCGTCGCT-1,1
GTTTGTTAGCCAAGTA-1,4
TAAACCCAGGAGGGCA-1,3
TAACATACACGCGATC-1,6
TAAGATTTAGCGGGAG-1,5
TAAGTAACATCTTGAC-1,1
TAATAGAACAGAGTTA-1,1
TAATTAGGACATCCGT-1,2
TACATCCCTATCCCTG-1,1
TACCAGAAGTAGGTTC-1,1
TACCGGTCGTTTCCAT-1,4
TACCGTAGGTTAACTA-1,2
TACCTCACGCTTGTAC-1,4
TACCTTAAGATTTCCC-1,1
TACGCCTCCATTCCGA-1,1
TACGTTTACCGGCAAT-1,1
TACTTTCCGCACGCCA-1,2
TAGAGATCATGCAACT-1,1
TAGAGCTACGAAGAAC-1,5
TAGATATGGACTGGAA-1,1
TAGCGTCCCTCGATTG-1,2
TAGCTAGAAGGCATGA-1,1
TAGCTCGCCTGATAAC-1,1
TAGGCGATGAGGTCTC-1,4
TAGGTGTTCCACAGAT-1,1
TAGTCGATCACGGGTT-1,3
TAGTCTAACAACGAGA-1,1
TATAGATGGTCGCAGT-1,1
TATCCGCACCGTCGGG-1,2
TATCTTGCAATACAAC-1,6
TATGATTCTGCTTGGT-1,5
TATGGTTAGTGGGAGA-1,1
TATTAACACCAAAGCA-1,4
TATTATGTTTGCCTGC-1,4
TATTCCACTCAGCTCG-1,1
TATTCCGAGCTGTTAT-1,4
TATTCCTCCGCCCACT-1,1
TCAACAAAGATAATTC-1,6
TCAACATCGACCGAGA-1,1
TCAACGCAGGAAATAA-1,1
TCAACGCGACCGGCAG-1,1
TCAAGGTTACTACACC-1,1
TCACAGCAAACTCGAA-1,1
TCACGATGTCCGTGGA-1,2
TCACTATCGTGCAATC-1,5
TCATCCCAGAGGGTGG-1,4
TCATCGATGGTCCCAA-1,7
TCCACCTCTAGCCTTT-1,3
TCCCAAAGCCCTAAAT-1,2
TCCCTGGCGTATTAAC-1,4
TCCGAGAAGGCTAAGC-1,5
TCCGGTTCGTCCGGTC-1,1
TCCTAGCAAAGAAGCT-1,2
TCCTCCTAAGACATTC-1,3
TCCTGCGTTGATACTC-1,1
TCCTTACGACGGTCCG-1,3
TCGACAACTGAACCCG-1,6
TCGCCGAAGTTGCGTC-1,1
TCGGAGAGTATCGGGA-1,1
TCGGCGAACCCAAACC-1,2
TCGGCGTACTGCACAA-1,1
TCGGTCCCGACAATAG-1,6
TCGTCTTAGGCGTTAA-1,3
TCGTGTCACGCTGACA-1,1
TCGTTAGGAGTCCCTA-1,1
TCGTTGCTATCCGGTC-1,3
TCTAAAGAACAGTCTC-1,6
TCTAATACTGCCTCAG-1,6
TCTAGCAATCTCCGCC-1,1
TCTCATGAGATAGGGT-1,3
TCTCGACGTATCGCCG-1,2
TCTGAACTCGTACCCG-1,4
TCTGATGTATTCTGTC-1,3
TCTGGGTAGCGCTCAT-1,1
TCTGTCATACAAGAGC-1,5
TCTGTTACCCAGCATA-1,1
TCTTAGAGCTCCAATT-1,1
TCTTAGAGTGAACTCT-1,1
TCTTCTATAACCCGCC-1,2
TGAAACTTATGCAAGC-1,4
TGAATGTCAGCCGGCC-1,1
TGACGAATATTTCCCT-1,1
TGAGCAGTCGTGAAGT-1,5
TGAGCCATACAGTCTC-1,1
TGAGGAGTGCCAGCTT-1,1
TGAGTGCCTCTTAAAT-1,1
TGAGTTAAAGACATTC-1,2
TGATACATTTAGCCGT-1,4
TGATCAGGGAACTGCT-1,1
TGCAGAACTATATCGT-1,1
TGCAGATCGTCCTAGG-1,1
TGCAGCTACGTACTTC-1,1
TGCCAAAGTCAGACTT-1,1
TGCCAATGGGTACTCT-1,1
TGCCACACTAGAGGAA-1,4
TGCCTTGGCCAGGCAA-1,2
TGCGAATATGGGATTT-1,1
TGCGAGAATATTACCC-1,1
TGCGTAAGAACCTGAT-1,1
TGCGTCATGACTGAGC-1,6
TGCTCGGCGAAACCCA-1,1
TGCTTCCCAAGCAGTA-1,1
TGGAAGAAGGGAACGT-1,1
TGGACGCAATCCAGCC-1,4
TGGCATGAAGTTTGGG-1,4
TGGCCAATTTGGTACT-1,3
TGGCGATCAAGTTATG-1,1
TGGCGGTGTGCGATTG-1,5
TGGGCAATAGTTGGGT-1,2
TGGGCACAAACAGAAC-1,5
TGGGCCCATACTAATT-1,3
TGTACTGTGCCAAAGT-1,5
TGTGGCGGGCTTCTGG-1,4
TGTGGCTCCCACCAAC-1,2
TGTGTCGAAGTCGAGG-1,4
TGTTATTGTATGTGGC-1,3
TTAACTTCAGGTAGGA-1,1
TTAAGATAGGATTGAC-1,1
TTAAGGATACGGAGGT-1,5
TTACATGCCACAACTA-1,1
TTACCCTAGGGATTGG-1,1
TTACGGTGTCACCGAG-1,5
TTACTCTGGTACGTAC-1,1
TTAGAGGGATATACAG-1,4
TTAGTTATTCGTGGCA-1,3
TTATCCGGGATCTATA-1,3
TTATCCTCAAGGAATA-1,6
TTATGCGTCCCGGTCC-1,5
TTATTAGGGAAGCATC-1,4
TTCCAGACGAGATTTA-1,1
TTCCCGGCGCCAATAG-1,1
TTCCGGCCTTGAGGCT-1,3
TTCCGGTATCTGTGTC-1,2
TTCCGGTTACCCACTT-1,3
TTCCTCGGACTAACCA-1,3
TTCGCACTGTACGACA-1,1
TTCGCTAGGAAGTTGT-1,2
TTCTGACCGGGCTCAA-1,3
TTCTTAGTGGCTCAGA-1,5
TTCTTATCCGCTGGGT-1,1
TTCTTGCTAGCATCTC-1,1
TTCTTGGACGATCTGC-1,3
TTGACATGAACGTGGA-1,1
TTGACCGTGTTAATGA-1,2
TTGACGCTCCATGAGC-1,1
TTGACTACCATATGGT-1,1
TTGACTATTGTCCGGC-1,1
TTGAGAGTACTGCTAA-1,2
TTGAGCAGCCCACGGT-1,2
TTGAGCGCCACGTGAT-1,2
TTGAGTCCCGCTGCTG-1,2
TTGATTAGCTGTTTCT-1,1
TTGCATGCTGATCACG-1,1
TTGCCAAGCAGAACCC-1,2
TTGCCATAGCCCGCTC-1,6
TTGCGGCATCAGAAAG-1,8
TTGCGTCGGCCAACCG-1,3
TTGGAAGAATACAGTC-1,2
TTGGACATGTGGCTTA-1,1
TTGGAGTCTCCCTTCT-1,5
TTGGATATCGTCTACG-1,1
TTGGATTGGGTACCAC-1,5
TTGGTTGCGGTGCGCG-1,6
TTGTAAGGACCTAAGT-1,1
TTGTATCACACAGAAT-1,4
TTGTCACCGCGGTATC-1,4
TTGTGAGGCATGACGC-1,3
TTGTGGCCCTGACAGT-1,5
TTGTGGTAGGAGGGAT-1,2
TTGTGTATGCCACCAA-1,1
TTGTTTCCATACAACT-1,1
